time,x_true,y_true,x_noisy,y_noisy
1.77175e+09,5.54444,5.54444,6.09157,4.82729
1.77175e+09,5.54444,5.54444,6.02565,4.9968
1.77175e+09,5.54444,5.54444,5.64979,5.73082
1.77175e+09,5.54444,5.54444,5.85569,6.01437
1.77175e+09,5.54444,5.54444,5.13965,5.71182
1.77175e+09,5.54444,5.54444,5.85762,5.93283
1.77175e+09,5.54444,5.54444,6.49572,6.45793
1.77175e+09,5.54444,5.54444,5.72544,5.51289
1.77175e+09,5.54444,5.54444,5.73375,5.71924
1.77175e+09,5.54444,5.54444,5.38676,4.14828
1.77175e+09,5.54444,5.54444,5.17269,6.26499
1.77175e+09,5.54444,5.54444,5.64609,4.553
1.77175e+09,5.54444,5.54444,5.95753,6.48999
1.77175e+09,5.54444,5.54444,5.63326,5.58419
1.77175e+09,5.54444,5.54444,5.08536,5.05803
1.77175e+09,5.54444,5.54444,5.81045,5.80294
1.77175e+09,5.54444,5.54444,6.43698,6.51691
1.77175e+09,5.54444,5.54444,4.91159,5.78052
1.77175e+09,5.54444,5.54444,5.707,5.35759
1.77175e+09,5.54444,5.54444,4.98985,4.85967
1.77175e+09,5.54444,5.54444,5.22914,5.33182
1.77175e+09,5.54444,5.54444,5.88794,5.125
1.77175e+09,5.54444,5.54444,5.69386,5.49621
1.77175e+09,5.54444,5.54444,5.91604,5.71937
1.77175e+09,5.54444,5.54444,5.27522,5.29129
1.77175e+09,5.54444,5.54444,5.26094,5.13824
1.77175e+09,5.54444,5.54444,5.86594,6.07151
1.77175e+09,5.54444,5.54444,6.61735,5.43189
1.77175e+09,5.54444,5.54444,5.01283,5.4915
1.77175e+09,5.54444,5.54444,6.28991,5.83769
1.77175e+09,5.54444,5.54444,5.43112,6.10334
1.77175e+09,5.54444,5.54444,6.58917,5.7708
1.77175e+09,5.54444,5.54444,5.32519,6.35672
1.77175e+09,5.54444,5.54444,5.49014,5.39711
1.77175e+09,5.54444,5.54444,6.3318,5.18209
1.77175e+09,5.54444,5.54444,5.57717,5.52894
1.77175e+09,5.54444,5.54444,5.46564,4.98374
1.77175e+09,5.54444,5.54444,5.74364,5.70037
1.77175e+09,5.54444,5.54444,5.95874,6.31753
1.77175e+09,5.54444,5.54444,5.2329,5.34122
1.77175e+09,5.54444,5.54444,5.25628,5.89527
1.77175e+09,5.54444,5.54444,5.9418,6.11446
1.77175e+09,5.54444,5.54444,5.38088,5.49749
1.77175e+09,5.54444,5.54444,6.34987,5.16373
1.77175e+09,5.54444,5.54444,4.93585,6.15881
1.77175e+09,5.54444,5.54444,5.6084,5.13271
1.77175e+09,5.54444,5.54444,6.02249,5.97041
1.77175e+09,5.54444,5.54444,5.14654,6.14973
1.77175e+09,5.54444,5.54444,5.52163,5.75778
1.77175e+09,5.54444,5.54444,5.64149,5.10364
1.77175e+09,5.54444,5.54444,4.51284,4.64304
1.77175e+09,5.54444,5.54444,5.51075,4.7226
1.77175e+09,5.54444,5.54444,5.87871,5.84148
1.77175e+09,5.54444,5.54444,5.94302,5.71013
1.77175e+09,5.54444,5.54444,6.48151,5.41237
1.77175e+09,5.54444,5.54444,5.37426,6.26088
1.77175e+09,5.54444,5.54444,5.6935,5.419
1.77175e+09,5.54444,5.54444,5.04603,5.13586
1.77175e+09,5.54444,5.54444,5.70107,5.69176
1.77175e+09,5.54444,5.54444,7.05596,4.95283
1.77175e+09,5.54444,5.54444,5.6435,4.48359
1.77175e+09,5.54444,5.54444,5.46181,5.12702
1.77175e+09,5.54444,5.54444,4.86862,5.34556
1.77175e+09,5.54444,5.54444,5.26453,5.57796
1.77175e+09,5.54444,5.54444,5.86738,4.91198
1.77175e+09,5.54444,5.54444,4.33959,5.92721
1.77175e+09,5.54444,5.54444,5.80495,5.4765
1.77175e+09,5.54444,5.54444,6.58551,5.97927
1.77175e+09,5.54444,5.54444,5.09113,4.95676
1.77175e+09,5.54444,5.54444,5.19137,5.97007
1.77175e+09,5.54444,5.54444,5.25991,5.43171
1.77175e+09,5.54444,5.54444,5.99644,5.18554
1.77175e+09,5.54444,5.54444,6.03486,6.12717
1.77175e+09,5.54444,5.54444,5.4725,5.02935
1.77175e+09,5.54444,5.54444,5.71165,5.5724
1.77175e+09,5.54444,5.54444,6.34878,5.94809
1.77175e+09,5.54444,5.54444,6.36692,5.61869
1.77175e+09,5.54444,5.54444,5.59176,4.36028
1.77175e+09,5.54444,5.54444,5.47232,4.92051
1.77175e+09,5.54444,5.54444,5.35182,5.84927
1.77175e+09,5.54444,5.54444,5.34663,5.92435
1.77175e+09,5.54444,5.54444,4.74338,6.51101
1.77175e+09,5.54444,5.54444,6.50341,5.4285
1.77175e+09,5.54444,5.54444,5.53029,5.05505
1.77175e+09,5.54444,5.54444,5.50859,5.53174
1.77175e+09,5.54444,5.54444,5.39291,5.43521
1.77175e+09,5.54444,5.54444,5.08745,4.87312
1.77175e+09,5.54444,5.54444,5.40803,5.35976
1.77175e+09,5.54444,5.54444,5.73232,6.3955
1.77175e+09,5.54444,5.54444,6.4727,5.28146
1.77175e+09,5.54444,5.54444,6.08199,5.97167
1.77175e+09,5.54444,5.54444,5.12453,6.032
1.77175e+09,5.54444,5.54444,4.71254,5.66857
1.77175e+09,5.54444,5.54444,4.96955,4.8071
1.77175e+09,5.54444,5.54444,4.78929,5.46759
1.77175e+09,5.54444,5.54444,5.53405,5.62251
1.77175e+09,5.54444,5.54444,4.67653,6.25648
1.77175e+09,5.54444,5.54444,5.9929,5.11396
1.77175e+09,5.54444,5.54444,4.58139,6.5705
1.77175e+09,5.54444,5.54444,5.55512,4.88264
1.77175e+09,5.54444,5.54444,5.84102,5.53776
1.77175e+09,5.54444,5.54444,4.98771,5.9504
1.77175e+09,5.54444,5.54444,6.04827,5.6752
1.77175e+09,5.54444,5.54444,5.26133,6.04478
1.77175e+09,5.54444,5.54444,5.04202,5.15888
1.77175e+09,5.54444,5.54444,6.25107,5.63118
1.77175e+09,5.54444,5.54444,5.13331,5.34669
1.77175e+09,5.54444,5.54444,5.04871,5.97706
1.77175e+09,5.54444,5.54444,6.10671,6.4887
1.77175e+09,5.54444,5.54444,6.11806,5.68213
1.77175e+09,5.54444,5.54444,6.24902,5.22731
1.77175e+09,5.54444,5.54444,5.56319,5.56357
1.77175e+09,5.54444,5.54444,4.92472,6.0482
1.77175e+09,5.54444,5.54444,4.78685,4.73723
1.77175e+09,5.54444,5.54444,5.71355,5.42697
1.77175e+09,5.54444,5.54444,5.53812,5.89496
1.77175e+09,5.54444,5.54444,4.93933,5.4513
1.77175e+09,5.54444,5.54444,6.29439,5.6118
1.77175e+09,5.54444,5.54444,5.34875,5.9762
1.77175e+09,5.54444,5.54444,6.0222,5.60335
1.77175e+09,5.54444,5.54444,4.57973,5.81567
1.77175e+09,5.54444,5.54444,5.22268,5.01671
1.77175e+09,5.54444,5.54444,5.60217,5.74263
1.77175e+09,5.54444,5.54444,5.79981,6.37015
1.77175e+09,5.54444,5.54444,6.11576,5.45599
1.77175e+09,5.54444,5.54444,-18.798,-1.0389
1.77175e+09,5.54444,5.54444,5.14939,5.82405
1.77175e+09,5.54444,5.54444,5.62357,5.31725
1.77175e+09,5.54444,5.54444,4.80724,5.30699
1.77175e+09,5.54444,5.54444,5.23795,4.58638
1.77175e+09,5.54444,5.54444,5.37646,5.62298
1.77175e+09,5.54444,5.54444,5.78777,5.87798
1.77175e+09,5.54444,5.54444,5.07556,5.57413
1.77175e+09,5.54444,5.54444,5.14656,5.7049
1.77175e+09,5.54444,5.54444,5.94032,5.75997
1.77175e+09,5.54444,5.54444,5.13382,5.36537
1.77175e+09,5.54444,5.54444,4.86442,5.6512
1.77175e+09,5.54444,5.54444,5.32601,5.69199
1.77175e+09,5.54444,5.54444,5.7628,5.53903
1.77175e+09,5.54444,5.54444,5.75972,5.8704
1.77175e+09,5.54444,5.54444,5.74478,6.14053
1.77175e+09,5.54444,5.54444,6.14041,5.95287
1.77175e+09,5.54444,5.54444,6.37773,6.57128
1.77175e+09,5.54444,5.54444,5.77127,4.41048
1.77175e+09,5.54444,5.54444,5.31817,5.93051
1.77175e+09,5.54444,5.54444,6.52954,6.53791
1.77175e+09,5.54444,5.54444,4.75707,5.06075
1.77175e+09,5.54444,5.54444,5.83477,5.36566
1.77175e+09,5.54444,5.54444,5.91096,5.88118
1.77175e+09,5.54444,5.54444,5.9176,4.62476
1.77175e+09,5.54444,5.54444,6.08058,5.69433
1.77175e+09,5.54444,5.54444,5.39372,6.20472
1.77175e+09,5.54444,5.54444,4.81513,5.71453
1.77175e+09,5.54444,5.54444,4.82385,4.95042
1.77175e+09,5.54444,5.54444,5.54019,5.15674
1.77175e+09,5.54444,5.54444,5.5543,5.74219
1.77175e+09,5.54444,5.54444,6.7285,5.50206
1.77175e+09,5.54444,5.54444,5.33456,6.20915
1.77175e+09,5.54444,5.54444,16.502,6.81152
1.77175e+09,5.54444,5.54444,6.81294,5.23199
1.77175e+09,5.54444,5.54444,5.56444,5.65226
1.77175e+09,5.54444,5.54444,6.59449,6.13422
1.77175e+09,5.54444,5.54444,4.5091,5.56293
1.77175e+09,5.54444,5.54444,5.5548,5.86684
1.77175e+09,5.54444,5.54444,5.913,5.92654
1.77175e+09,5.54444,5.54444,7.01217,5.96724
1.77175e+09,5.54444,5.54444,4.4999,5.99918
1.77175e+09,5.54444,5.54444,5.47382,5.35946
1.77175e+09,5.57644,5.54444,6.02165,5.65421
1.77175e+09,5.60844,5.54444,6.00132,5.81902
1.77175e+09,5.64044,5.54444,5.80399,4.89347
1.77175e+09,5.67244,5.54444,6.27958,5.48027
1.77175e+09,5.70444,5.54444,5.7637,4.72723
1.77175e+09,5.73644,5.54444,6.0305,4.5701
1.77175e+09,5.76844,5.54444,6.91588,5.53486
1.77175e+09,5.80044,5.54444,5.40322,5.24867
1.77175e+09,5.83244,5.54444,6.29019,4.72193
1.77175e+09,5.86444,5.54444,5.58443,4.94301
1.77175e+09,5.89644,5.54444,6.14446,5.29135
1.77175e+09,5.92844,5.54444,5.43036,5.42311
1.77175e+09,5.96044,5.54444,6.89815,4.95591
1.77175e+09,5.99244,5.54444,1.3984,16.0945
1.77175e+09,6.02444,5.54444,5.60528,5.9959
1.77175e+09,6.05644,5.54444,19.6196,-12.647
1.77175e+09,6.08844,5.54444,-7.72825,14.913
1.77175e+09,6.12044,5.54444,6.56381,5.84113
1.77175e+09,6.15244,5.54444,5.70029,6.7786
1.77175e+09,6.18444,5.54444,6.11487,5.79102
1.77175e+09,6.21644,5.54444,6.61239,5.20898
1.77175e+09,6.24844,5.54444,6.1711,5.36547
1.77175e+09,6.28044,5.54444,6.45738,5.4687
1.77175e+09,6.31244,5.54444,5.41544,5.24943
1.77175e+09,6.34444,5.54444,6.73494,4.57558
1.77175e+09,6.37644,5.54444,5.55456,5.9363
1.77175e+09,6.40844,5.54444,6.30874,4.90165
1.77175e+09,6.44044,5.54444,6.20305,6.06272
1.77175e+09,6.47244,5.54444,6.27467,5.62703
1.77175e+09,6.50444,5.54444,6.02873,5.46309
1.77175e+09,6.53644,5.54444,6.84017,4.53424
1.77175e+09,6.56844,5.54444,6.64557,6.22119
1.77175e+09,6.60044,5.54444,5.94073,5.84807
1.77175e+09,6.63244,5.54444,6.01306,5.2259
1.77175e+09,6.66444,5.54444,7.34981,4.8253
1.77175e+09,6.69644,5.54444,7.05124,5.55872
1.77175e+09,6.72844,5.54444,6.09513,5.47287
1.77175e+09,6.76044,5.54444,5.97534,5.65861
1.77175e+09,6.79244,5.54444,7.35414,5.93556
1.77175e+09,6.82444,5.54444,7.1953,4.52142
1.77175e+09,6.85644,5.54444,7.27116,5.79326
1.77175e+09,6.88844,5.54444,6.31635,5.37576
1.77175e+09,6.92044,5.54444,7.00293,6.22353
1.77175e+09,6.95244,5.54444,6.88529,6.23413
1.77175e+09,6.98444,5.54444,6.79803,5.8343
1.77175e+09,7.01644,5.54444,6.82533,5.64747
1.77175e+09,7.04844,5.54444,6.35263,6.13189
1.77175e+09,7.08044,5.54444,7.62136,5.22287
1.77175e+09,7.11244,5.54444,7.63789,5.79665
1.77175e+09,7.14444,5.54444,7.49733,5.78045
1.77175e+09,7.17644,5.54444,7.69595,5.76811
1.77175e+09,7.20844,5.54444,6.63977,5.69676
1.77175e+09,7.24044,5.54444,6.89577,5.93549
1.77175e+09,7.27244,5.54444,6.20679,6.09082
1.77175e+09,7.30444,5.54444,7.10153,5.68967
1.77175e+09,7.33644,5.54444,6.93291,6.30251
1.77175e+09,7.36844,5.54444,6.95088,6.34936
1.77175e+09,7.40044,5.54444,7.2976,5.72642
1.77175e+09,7.43244,5.54444,7.97623,5.63445
1.77175e+09,7.46444,5.54444,6.92305,5.82091
1.77175e+09,7.49644,5.54444,6.65982,4.5111
1.77175e+09,7.52844,5.54444,7.60874,5.85241
1.77175e+09,7.56044,5.54444,7.41687,6.48369
1.77175e+09,7.56044,5.54444,7.90001,5.00234
1.77175e+09,7.56044,5.54444,7.25465,5.76831
1.77175e+09,7.56044,5.54444,7.72318,4.99215
1.77175e+09,7.56044,5.54444,7.11156,5.03582
1.77175e+09,7.56044,5.54444,7.96236,5.24657
1.77175e+09,7.56044,5.54444,8.16697,5.71636
1.77175e+09,7.56044,5.54444,7.29827,5.01967
1.77175e+09,7.56044,5.54444,7.84039,5.93071
1.77175e+09,7.56044,5.54444,7.25398,5.39207
1.77175e+09,7.56044,5.54444,7.04363,5.8163
1.77175e+09,7.56044,5.54444,7.04427,5.69821
1.77175e+09,7.56044,5.54444,4.63937,13.4327
1.77175e+09,7.56044,5.54444,1.54098,8.09973
1.77175e+09,7.56044,5.54444,7.53581,4.64924
1.77175e+09,7.56044,5.54444,7.79655,6.10135
1.77175e+09,7.56044,5.54444,16.0617,-0.642402
1.77175e+09,7.56044,5.54444,7.28755,5.99713
1.77175e+09,7.56044,5.54444,7.63247,4.88222
1.77175e+09,7.56044,5.54444,7.64627,4.70104
1.77175e+09,7.56044,5.54444,7.34216,5.81389
1.77175e+09,7.56044,5.54444,22.5567,-24.4377
1.77175e+09,7.56044,5.54444,7.34258,5.15652
1.77175e+09,7.56044,5.54444,7.08452,5.13504
1.77175e+09,7.56044,5.54444,8.01353,5.3129
1.77175e+09,7.56044,5.54444,7.90374,5.72702
1.77175e+09,7.56044,5.54444,7.49494,6.28891
1.77175e+09,7.56044,5.54444,7.74459,4.94396
1.77175e+09,7.56044,5.54444,8.15542,5.62987
1.77175e+09,7.56044,5.54444,7.60321,5.75025
1.77175e+09,7.56044,5.54444,8.26811,5.06602
1.77175e+09,7.56044,5.54444,7.4217,4.95321
1.77175e+09,7.56044,5.54444,7.324,6.3448
1.77175e+09,7.56044,5.54444,7.34928,6.17038
1.77175e+09,7.56044,5.54444,7.74964,5.95391
1.77175e+09,7.56044,5.54444,7.44165,6.38579
1.77175e+09,7.56044,5.54444,7.29988,4.77774
1.77175e+09,7.56044,5.54444,7.54313,5.03263
1.77175e+09,7.56044,5.54444,7.1101,5.7742
1.77175e+09,7.56044,5.54444,7.26905,5.54833
1.77175e+09,7.56044,5.54444,8.11988,6.05172
1.77175e+09,7.56044,5.54444,7.60242,4.7124
1.77175e+09,7.56044,5.54444,6.88919,4.98792
1.77175e+09,7.56044,5.54444,7.43196,5.95964
1.77175e+09,7.56044,5.54444,7.13878,6.07085
1.77175e+09,7.56044,5.54444,-1.68176,14.6467
1.77175e+09,7.56044,5.54444,7.46411,6.39097
1.77175e+09,7.56044,5.54444,7.75541,4.944
1.77175e+09,7.56044,5.54444,6.65301,5.00111
1.77175e+09,7.56044,5.54444,7.78507,4.65495
1.77175e+09,7.56044,5.54444,7.52727,6.04074
1.77175e+09,7.56044,5.54444,8.21856,5.8138
1.77175e+09,7.56044,5.54444,8.06588,5.48094
1.77175e+09,7.56044,5.54444,6.98678,5.88272
1.77175e+09,7.56044,5.54444,7.36034,5.51709
1.77175e+09,7.56044,5.54444,6.98032,5.40425
1.77175e+09,7.56044,5.54444,7.91973,5.76335
1.77175e+09,7.56044,5.54444,7.96558,6.05946
1.77175e+09,7.56044,5.54444,7.85457,5.59283
1.77175e+09,7.56044,5.54444,7.8283,6.0017
1.77175e+09,7.56044,5.54444,6.87256,5.18042
1.77175e+09,7.56044,5.54444,7.78868,5.11354
1.77175e+09,7.56044,5.54444,7.12336,5.42548
1.77175e+09,7.56044,5.54444,7.30761,6.41012
1.77175e+09,7.56044,5.54444,7.20152,4.97168
1.77175e+09,7.56044,5.54444,8.21239,5.31336
1.77175e+09,7.56044,5.54444,7.68126,5.88169
1.77175e+09,7.56044,5.54444,7.77875,5.57832
1.77175e+09,7.56044,5.54444,7.15571,5.16484
1.77175e+09,7.56044,5.54444,6.98934,6.04099
1.77175e+09,7.56044,5.54444,7.56732,5.08016
1.77175e+09,7.56044,5.54444,7.20015,5.28051
1.77175e+09,7.56044,5.54444,7.22712,5.47842
1.77175e+09,7.56044,5.54444,7.56031,4.95284
1.77175e+09,7.56044,5.54444,8.17792,6.48707
1.77175e+09,7.56044,5.54444,7.87221,5.93521
1.77175e+09,7.56044,5.54444,6.70416,5.57136
1.77175e+09,7.56044,5.54444,7.86063,5.76887
1.77175e+09,7.56044,5.54444,7.8691,5.94068
1.77175e+09,7.56044,5.54444,8.07338,6.74616
1.77175e+09,7.56044,5.54444,7.53945,5.40209
1.77175e+09,7.56044,5.54444,7.30086,4.85765
1.77175e+09,7.56044,5.54444,6.74485,5.53106
1.77175e+09,7.56044,5.54444,7.39864,5.47478
1.77175e+09,7.56044,5.54444,7.44696,4.71353
1.77175e+09,7.56044,5.54444,6.84766,5.22702
1.77175e+09,7.56044,5.54444,7.74376,5.43489
1.77175e+09,7.56044,5.54444,7.44054,6.17656
1.77175e+09,7.56044,5.54444,7.35808,5.24621
1.77175e+09,7.56044,5.54444,7.98233,5.66785
1.77175e+09,7.56044,5.54444,7.13444,5.14253
1.77175e+09,7.56044,5.54444,7.56006,6.58579
1.77175e+09,7.56044,5.54444,6.97409,5.40735
1.77175e+09,7.56044,5.54444,8.53992,6.54032
1.77175e+09,7.56044,5.54444,7.40295,5.83113
1.77175e+09,7.56044,5.54444,8.11023,5.9058
1.77175e+09,7.56044,5.54444,7.36752,5.58994
1.77175e+09,7.56044,5.54444,8.13297,5.25024
1.77175e+09,7.56044,5.54444,6.99091,5.29207
1.77175e+09,7.56044,5.54444,7.38743,5.21975
1.77175e+09,7.56044,5.54444,8.07951,5.71745
1.77175e+09,7.56044,5.54444,8.03115,5.46461
1.77175e+09,7.56044,5.54444,7.4307,5.26119
1.77175e+09,7.56044,5.54444,8.49147,6.14679
1.77175e+09,7.56044,5.54444,6.68842,5.02041
1.77175e+09,7.56044,5.54444,7.7975,5.91609
1.77175e+09,7.56044,5.54444,7.3965,6.13641
1.77175e+09,7.56044,5.54444,7.15339,5.32819
1.77175e+09,7.56044,5.54444,7.78593,5.9083
1.77175e+09,7.56044,5.54444,7.54628,6.24183
1.77175e+09,7.56044,5.54444,7.75188,5.61734
1.77175e+09,7.56044,5.54444,7.43314,5.57825
1.77175e+09,7.56044,5.54444,7.82154,5.85285
1.77175e+09,7.56044,5.54444,7.59328,6.06897
1.77175e+09,7.56044,5.54444,7.47,5.04834
1.77175e+09,7.56044,5.54444,8.14429,4.78858
1.77175e+09,7.56044,5.54444,7.61401,6.25453
1.77175e+09,7.56044,5.54444,7.01352,4.75593
1.77175e+09,7.56044,5.54444,7.35252,5.6958
1.77175e+09,7.56044,5.54444,8.24532,4.73524
1.77175e+09,7.56044,5.54444,8.69852,4.89764
1.77175e+09,7.53316,5.56116,7.07392,5.39277
1.77175e+09,7.50587,5.57787,7.63249,5.42862
1.77175e+09,7.47858,5.59459,7.11031,5.22405
1.77175e+09,7.45129,5.6113,7.62224,4.93734
1.77175e+09,7.42401,5.62802,7.49045,5.97542
1.77175e+09,7.39672,5.64473,7.93517,5.05413
1.77175e+09,7.36943,5.66145,7.78956,5.49065
1.77175e+09,7.34214,5.67816,8.2196,5.55232
1.77175e+09,7.31486,5.69488,7.73862,7.01293
1.77175e+09,7.28757,5.71159,7.28599,5.50607
1.77175e+09,7.26028,5.72831,6.6192,6.37115
1.77175e+09,7.23299,5.74502,6.63504,5.59068
1.77175e+09,7.20571,5.76174,7.22018,5.62039
1.77175e+09,7.17842,5.77845,6.99878,5.95966
1.77175e+09,7.15113,5.79517,6.60512,5.72946
1.77175e+09,7.12384,5.81188,7.9683,5.77843
1.77175e+09,7.09656,5.8286,6.63074,6.21031
1.77175e+09,7.06927,5.84531,5.63435,5.30752
1.77175e+09,7.04198,5.86203,6.48313,5.19516
1.77175e+09,7.01469,5.87874,7.13701,6.08309
1.77175e+09,6.9874,5.89546,7.70845,5.85259
1.77175e+09,6.96012,5.91217,6.79154,5.3378
1.77175e+09,6.93283,5.92889,6.85417,5.68772
1.77175e+09,6.90554,5.9456,6.9522,6.50894
1.77175e+09,6.87825,5.96232,6.332,6.83261
1.77175e+09,6.85097,5.97903,7.52666,6.24182
1.77175e+09,6.82368,5.99575,6.17081,6.6508
1.77175e+09,6.79639,6.01246,7.51343,6.14315
1.77175e+09,6.7691,6.02918,6.93788,6.04655
1.77175e+09,6.74182,6.04589,7.03762,5.76981
1.77175e+09,6.71453,6.06261,6.58905,5.33409
1.77175e+09,6.68724,6.07932,6.34018,5.9783
1.77175e+09,6.65995,6.09604,6.78094,5.97268
1.77175e+09,6.63267,6.11275,6.41678,5.47816
1.77175e+09,6.60538,6.12947,6.64578,6.37352
1.77175e+09,6.57809,6.14618,6.90354,6.80438
1.77175e+09,6.5508,6.1629,6.80552,5.87186
1.77175e+09,6.52352,6.17961,6.39822,6.19666
1.77175e+09,6.49623,6.19632,6.32987,6.08266
1.77175e+09,6.46894,6.21304,6.28407,7.15195
1.77175e+09,6.44165,6.22975,6.36732,7.16011
1.77175e+09,6.41437,6.24647,6.22236,5.71265
1.77175e+09,6.38708,6.26318,5.84602,6.28837
1.77175e+09,6.35979,6.2799,5.95539,7.12692
1.77175e+09,6.3325,6.29661,7.41078,5.54795
1.77175e+09,6.30522,6.31333,6.84009,5.98374
1.77175e+09,6.27793,6.33004,6.69098,6.63969
1.77175e+09,6.25064,6.34676,6.06068,5.50787
1.77175e+09,6.22335,6.36347,6.92598,6.66479
1.77175e+09,6.19606,6.38019,5.96291,6.74503
1.77175e+09,6.16878,6.3969,5.60593,6.69544
1.77175e+09,6.14149,6.41362,5.5034,6.50988
1.77175e+09,6.1142,6.43033,5.581,6.5656
1.77175e+09,6.08691,6.44705,11.96,3.28069
1.77175e+09,6.05963,6.46376,6.20667,6.73587
1.77175e+09,6.03234,6.48048,5.61907,6.78148
1.77175e+09,6.00505,6.49719,6.579,6.48413
1.77175e+09,5.97776,6.51391,5.72058,6.1714
1.77175e+09,5.95048,6.53062,5.9239,6.15349
1.77175e+09,5.92319,6.54734,19.8635,-1.01233
1.77175e+09,5.8959,6.56405,5.60876,6.38556
1.77175e+09,5.86861,6.58077,5.86817,6.74175
1.77175e+09,5.84133,6.59748,5.64995,7.2787
1.77175e+09,5.84133,6.59748,5.32223,5.95167
1.77175e+09,5.84133,6.59748,5.88159,5.79905
1.77175e+09,5.84133,6.59748,5.41945,6.63323
1.77175e+09,5.84133,6.59748,5.6707,6.20693
1.77175e+09,5.84133,6.59748,4.92067,7.37471
1.77175e+09,5.84133,6.59748,6.00982,6.46001
1.77175e+09,5.84133,6.59748,6.49936,15.397
1.77175e+09,5.84133,6.59748,5.55837,6.63718
1.77175e+09,5.84133,6.59748,4.95805,6.42403
1.77175e+09,5.84133,6.59748,6.27381,5.53146
1.77175e+09,5.84133,6.59748,6.58865,7.03773
1.77175e+09,5.84133,6.59748,5.55051,7.01375
1.77175e+09,5.84133,6.59748,5.65993,6.18956
1.77175e+09,5.84133,6.59748,5.76066,7.3597
1.77175e+09,5.84133,6.59748,4.98025,6.50784
1.77175e+09,5.84133,6.59748,5.64285,6.34135
1.77175e+09,5.84133,6.59748,5.35284,6.90424
1.77175e+09,5.84133,6.59748,5.54637,6.7173
1.77175e+09,5.84133,6.59748,5.53178,6.64471
1.77175e+09,5.84133,6.59748,5.75902,7.7249
1.77175e+09,5.84133,6.59748,5.90861,7.03377
1.77175e+09,5.84133,6.59748,5.63307,6.29686
1.77175e+09,5.84133,6.59748,6.12645,5.85894
1.77175e+09,5.84133,6.59748,5.00941,6.46733
1.77175e+09,5.84133,6.59748,5.96406,6.68305
1.77175e+09,5.84133,6.59748,6.70872,6.92129
1.77175e+09,5.84133,6.59748,5.4824,6.48012
1.77175e+09,5.84133,6.59748,6.15024,7.0427
1.77175e+09,5.84133,6.59748,5.41919,7.72976
1.77175e+09,5.84133,6.59748,6.06632,6.31102
1.77175e+09,5.84133,6.59748,5.91975,7.25638
1.77175e+09,5.84133,6.59748,4.53285,6.94459
1.77175e+09,5.84133,6.59748,5.34849,6.17711
1.77175e+09,5.84133,6.59748,6.35565,6.4496
1.77175e+09,5.84133,6.59748,6.60588,6.19625
1.77175e+09,5.84133,6.59748,5.59119,6.90145
1.77175e+09,5.84133,6.59748,5.07934,6.04393
1.77175e+09,5.84133,6.59748,5.96979,6.50503
1.77175e+09,5.84133,6.59748,6.1554,6.49408
1.77175e+09,5.84133,6.59748,4.84073,5.93961
1.77175e+09,5.84133,6.59748,5.54314,6.99145
1.77175e+09,5.84133,6.59748,5.93816,6.64887
1.77175e+09,5.84133,6.59748,6.45297,6.18642
1.77175e+09,5.84133,6.59748,5.94395,7.00935
1.77175e+09,5.84133,6.59748,5.21107,7.23262
1.77175e+09,5.84133,6.59748,6.31131,6.65303
1.77175e+09,5.84133,6.59748,5.88068,7.13223
1.77175e+09,5.84133,6.59748,6.46887,7.37597
1.77175e+09,5.84133,6.59748,6.16342,6.37313
1.77175e+09,5.84133,6.59748,5.01348,6.41976
1.77175e+09,5.84133,6.59748,6.07181,6.33192
1.77175e+09,5.84133,6.59748,5.48116,7.05011
1.77175e+09,5.84133,6.59748,6.56561,5.91153
1.77175e+09,5.84133,6.59748,5.60429,6.69177
1.77175e+09,5.84133,6.59748,5.52915,6.87674
1.77175e+09,5.84133,6.59748,-22.0096,21.1375
1.77175e+09,5.84133,6.59748,5.81339,6.64945
1.77175e+09,5.84133,6.59748,5.8598,5.90601
1.77175e+09,5.84133,6.59748,5.30051,6.66946
1.77175e+09,5.84133,6.59748,5.86444,6.16236
1.77175e+09,5.84133,6.59748,6.36871,7.971
1.77175e+09,5.84133,6.59748,5.29424,6.82099
1.77175e+09,5.84133,6.59748,4.71121,6.61128
1.77175e+09,5.84133,6.59748,6.53051,5.79738
1.77175e+09,5.84133,6.59748,5.176,6.86328
1.77175e+09,5.84133,6.59748,5.03923,6.08177
1.77175e+09,5.84133,6.59748,6.21529,6.97194
1.77175e+09,5.84133,6.59748,5.96408,6.61347
1.77175e+09,5.84133,6.59748,6.56198,6.47072
1.77175e+09,5.84133,6.59748,5.57452,5.72913
1.77175e+09,5.84133,6.59748,6.50666,7.64918
1.77175e+09,5.84133,6.59748,5.504,6.80123
1.77175e+09,5.84133,6.59748,4.83838,6.24566
1.77175e+09,5.84133,6.59748,-9.23464,5.10995
1.77175e+09,5.84133,6.59748,5.87071,5.37297
1.77175e+09,5.84133,6.59748,5.57739,5.40085
1.77175e+09,5.84133,6.59748,5.60221,7.43668
1.77175e+09,5.84133,6.59748,6.82919,5.98637
1.77175e+09,5.84133,6.59748,6.01083,6.5287
1.77175e+09,5.84133,6.59748,6.20308,6.66857
1.77175e+09,5.84133,6.59748,5.12458,6.17122
1.77175e+09,5.84133,6.59748,5.62073,6.29628
1.77175e+09,5.84133,6.59748,6.91252,6.75057
1.77175e+09,5.84133,6.59748,6.01136,6.88526
1.77175e+09,5.84133,6.59748,5.7251,5.84317
1.77175e+09,5.84133,6.59748,5.31371,6.99961
1.77175e+09,5.84133,6.59748,6.15326,6.17271
1.77175e+09,5.84133,6.59748,5.86639,7.19265
1.77175e+09,5.84133,6.59748,5.28632,6.57
1.77175e+09,5.84133,6.59748,5.80747,6.1995
1.77175e+09,5.84133,6.59748,5.7083,6.15566
1.77175e+09,5.84133,6.59748,6.23149,6.83743
1.77175e+09,5.84133,6.59748,6.34939,6.75996
1.77175e+09,5.84133,6.59748,5.71105,6.14316
1.77175e+09,5.84133,6.59748,5.66881,6.63947
1.77175e+09,5.84133,6.59748,5.49142,6.86132
1.77175e+09,5.84133,6.59748,6.39404,6.14705
1.77175e+09,5.84133,6.59748,5.59365,7.02163
1.77175e+09,5.84133,6.59748,5.56457,6.97479
1.77175e+09,5.84133,6.59748,6.0716,7.58344
1.77175e+09,5.84133,6.59748,6.33519,5.65304
1.77175e+09,5.84133,6.59748,5.71431,6.44277
1.77175e+09,5.84133,6.59748,5.82762,6.10486
1.77175e+09,5.84133,6.59748,5.59577,6.723
1.77175e+09,5.84133,6.59748,5.78646,6.01678
1.77175e+09,5.84133,6.59748,6.22448,6.44674
1.77175e+09,5.84133,6.59748,6.02881,6.76748
1.77175e+09,5.84133,6.59748,6.24956,6.47588
1.77175e+09,5.84133,6.59748,6.65088,6.66149
1.77175e+09,5.84133,6.59748,5.10454,6.59674
1.77175e+09,5.84133,6.59748,5.86522,6.27811
1.77175e+09,5.84133,6.59748,6.70014,6.35426
1.77175e+09,5.84133,6.59748,5.1362,6.76033
1.77175e+09,5.84133,6.59748,6.19225,6.04419
1.77175e+09,5.84133,6.59748,12.5511,-28.7312
1.77175e+09,5.84133,6.59748,6.19961,7.05599
1.77175e+09,5.84133,6.59748,6.00159,6.6134
1.77175e+09,5.84133,6.59748,5.26392,5.8108
1.77175e+09,5.84133,6.59748,6.52609,5.86375
1.77175e+09,5.84133,6.59748,5.38581,6.80861
1.77175e+09,5.84133,6.59748,5.8893,7.11367
1.77175e+09,5.84133,6.59748,5.79222,6.05041
1.77175e+09,5.84133,6.59748,5.64202,7.31596
1.77175e+09,5.84133,6.59748,5.63127,6.62431
1.77175e+09,5.84133,6.59748,5.90486,6.16157
1.77175e+09,5.84133,6.59748,5.00152,6.12683
1.77175e+09,5.84133,6.59748,5.84963,7.06778
1.77175e+09,5.84133,6.59748,5.58945,7.61007
1.77175e+09,5.84133,6.59748,5.46898,6.90218
1.77175e+09,5.84133,6.59748,5.28726,6.29989
1.77175e+09,5.84133,6.59748,7.23764,5.60967
1.77175e+09,5.84133,6.59748,5.95038,7.58394
1.77175e+09,5.84133,6.59748,5.46695,7.07106
1.77175e+09,5.84133,6.59748,5.53191,6.10767
1.77175e+09,5.84133,6.59748,5.56891,6.59917
1.77175e+09,5.84133,6.59748,-7.60651,8.3368
1.77175e+09,5.84133,6.59748,6.05529,6.42344
1.77175e+09,5.84133,6.59748,5.23853,5.67373
1.77175e+09,5.84133,6.59748,4.61561,6.08161
1.77175e+09,5.84133,6.59748,5.4684,6.71777
1.77175e+09,5.84133,6.59748,6.51734,7.59574
1.77175e+09,5.84133,6.59748,5.53274,6.67105
1.77175e+09,5.84133,6.59748,5.74445,7.37638
1.77175e+09,5.84133,6.59748,6.07502,6.09592
1.77175e+09,5.84133,6.59748,6.01089,7.8284
1.77175e+09,5.84133,6.59748,5.9279,7.03352
1.77175e+09,5.84133,6.59748,6.10247,6.80954
1.77175e+09,5.84133,6.59748,5.22714,6.35967
1.77175e+09,5.84133,6.59748,5.78046,7.59251
1.77175e+09,5.84133,6.59748,5.37449,5.71321
1.77175e+09,5.84133,6.59748,5.99551,6.48056
1.77175e+09,5.84133,6.59748,5.79041,7.49784
1.77175e+09,5.84133,6.59748,6.19219,6.20195
1.77175e+09,5.84133,6.59748,6.44926,7.04553
1.77175e+09,5.84133,6.59748,5.57996,6.7675
1.77175e+09,5.84133,6.59748,5.17062,6.34013
1.77175e+09,5.84133,6.59748,5.98443,6.9493
1.77175e+09,5.84133,6.59748,6.26205,5.44172
1.77175e+09,5.84133,6.59748,5.61763,7.20001
1.77175e+09,5.84133,6.59748,6.16847,7.23708
1.77175e+09,5.84133,6.59748,5.81039,6.94908
1.77175e+09,5.84133,6.59748,5.34678,7.56953
1.77175e+09,5.84133,6.59748,5.38388,6.93921
1.77175e+09,5.84133,6.59748,6.07865,7.09266
1.77175e+09,5.84133,6.59748,5.04111,6.06282
1.77175e+09,5.84133,6.59748,5.86814,7.23682
1.77175e+09,5.84133,6.59748,5.66746,6.74869
1.77175e+09,5.84133,6.59748,4.89218,6.04905
1.77175e+09,5.84133,6.59748,5.218,6.92428
1.77175e+09,5.84133,6.59748,5.91813,7.47461
1.77175e+09,5.84133,6.59748,6.17562,6.78719
1.77175e+09,5.84133,6.59748,5.87154,6.63256
1.77175e+09,5.84133,6.59748,6.4064,7.15688
1.77175e+09,5.84133,6.59748,5.22261,6.61748
1.77175e+09,5.84133,6.59748,5.67129,6.29675
1.77175e+09,5.84133,6.59748,5.66054,6.6205
1.77175e+09,5.84133,6.59748,6.44959,6.84094
1.77175e+09,5.84133,6.59748,5.05396,6.70437
1.77175e+09,5.84133,6.59748,5.80554,6.06904
1.77175e+09,5.84133,6.59748,6.08754,6.49211
1.77175e+09,5.84133,6.59748,5.80756,6.23559
1.77175e+09,5.84133,6.59748,6.09188,6.50798
1.77175e+09,5.84133,6.59748,6.2822,6.05375
1.77175e+09,5.84133,6.59748,6.30435,7.57242
1.77175e+09,5.84133,6.59748,5.73863,6.31027
1.77175e+09,5.84133,6.59748,6.62943,6.90246
1.77175e+09,5.84133,6.59748,6.40753,6.99765
1.77175e+09,5.84133,6.59748,5.38257,5.88814
1.77175e+09,5.84133,6.59748,18.9601,10.7301
1.77175e+09,5.84133,6.59748,5.35391,6.20448
1.77175e+09,5.84133,6.59748,6.59547,6.70331
1.77175e+09,5.84133,6.59748,6.06548,7.10372
1.77175e+09,5.84133,6.59748,6.45159,7.18908
1.77175e+09,5.84133,6.59748,6.43477,6.23137
1.77175e+09,5.84133,6.59748,6.03872,7.03742
1.77175e+09,5.84133,6.59748,6.27848,6.08624
1.77175e+09,5.84133,6.59748,5.56191,6.65237
1.77175e+09,5.84133,6.59748,5.73336,6.974
1.77175e+09,5.84133,6.59748,6.11243,5.86023
1.77175e+09,5.84133,6.59748,6.23655,6.7351
1.77175e+09,5.84133,6.59748,5.25886,6.49172
1.77175e+09,5.84133,6.59748,5.90876,7.13635
1.77175e+09,5.84133,6.59748,5.50065,7.47739
1.77175e+09,5.84133,6.59748,5.68628,6.19029
1.77175e+09,5.81334,6.58196,6.04624,6.48693
1.77175e+09,5.78536,6.56644,5.24503,6.72454
1.77175e+09,5.75737,6.55092,5.90832,6.09915
1.77175e+09,5.72939,6.5354,5.87124,6.86803
1.77175e+09,5.70141,6.51988,5.88109,7.124
1.77175e+09,5.67342,6.50435,5.52719,6.09285
1.77175e+09,5.64544,6.48883,6.34579,6.49455
1.77175e+09,5.61746,6.47331,5.30938,6.20553
1.77175e+09,5.58947,6.45779,6.10681,7.27798
1.77175e+09,5.56149,6.44227,5.36368,6.91923
1.77175e+09,5.5335,6.42675,5.89917,6.77006
1.77175e+09,5.50552,6.41123,5.84395,6.71631
1.77175e+09,5.47754,6.39571,4.76018,6.30611
1.77175e+09,5.44955,6.38018,6.13072,6.38618
1.77175e+09,5.42157,6.36466,5.76146,7.05569
1.77175e+09,5.39359,6.34914,5.53187,6.36115
1.77175e+09,5.3656,6.33362,5.84096,6.57183
1.77175e+09,5.33762,6.3181,5.18172,7.03285
1.77175e+09,5.30963,6.30258,5.32014,6.06435
1.77175e+09,5.28165,6.28706,5.03024,5.27808
1.77175e+09,5.25367,6.27154,5.55688,5.96211
1.77175e+09,5.22568,6.25601,5.02887,6.29998
1.77175e+09,5.1977,6.24049,5.71089,6.77841
1.77175e+09,5.16972,6.22497,4.67,6.64718
1.77175e+09,5.14173,6.20945,5.64267,6.97782
1.77175e+09,5.11375,6.19393,5.88034,5.48983
1.77175e+09,5.08576,6.17841,4.68668,6.35631
1.77175e+09,5.05778,6.16289,4.99449,5.36938
1.77175e+09,5.0298,6.14737,4.05255,6.042
1.77175e+09,5.00181,6.13184,4.74243,5.97423
1.77175e+09,4.97383,6.11632,5.78884,6.2701
1.77175e+09,4.94585,6.1008,3.76565,6.1014
1.77175e+09,4.91786,6.08528,6.05246,6.43001
1.77175e+09,4.88988,6.06976,5.04914,5.52012
1.77175e+09,4.86189,6.05424,4.75821,5.29911
1.77175e+09,4.83391,6.03872,5.06129,5.3996
1.77175e+09,4.80593,6.0232,5.00979,6.24833
1.77175e+09,4.77794,6.00767,4.36995,6.75615
1.77175e+09,4.74996,5.99215,3.85741,6.09042
1.77175e+09,4.72198,5.97663,4.70278,6.29075
1.77175e+09,4.69399,5.96111,5.22395,5.91336
1.77175e+09,4.66601,5.94559,3.9924,5.56741
1.77175e+09,4.63802,5.93007,5.02395,5.48582
1.77175e+09,4.61004,5.91455,4.82552,5.78703
1.77175e+09,4.58206,5.89903,5.12359,6.09937
1.77175e+09,4.55407,5.8835,4.51619,5.30677
1.77175e+09,4.52609,5.86798,4.91362,6.46216
1.77175e+09,4.49811,5.85246,3.72101,5.1972
1.77175e+09,4.47012,5.83694,4.97121,6.12049
1.77175e+09,4.44214,5.82142,4.37452,5.41863
1.77175e+09,4.41415,5.8059,4.5158,5.43043
1.77175e+09,4.38617,5.79038,4.23766,5.80285
1.77175e+09,4.35819,5.77486,4.15074,5.53286
1.77175e+09,4.3302,5.75934,5.01405,6.57311
1.77175e+09,4.30222,5.74381,4.07606,5.4175
1.77175e+09,4.27424,5.72829,3.58061,5.02433
1.77175e+09,4.24625,5.71277,4.19485,5.80759
1.77175e+09,4.21827,5.69725,3.68494,5.74709
1.77175e+09,4.19028,5.68173,3.28749,6.04737
1.77175e+09,4.1623,5.66621,4.72097,7.00764
1.77175e+09,4.13432,5.65069,3.61791,5.28863
1.77175e+09,4.10633,5.63517,4.76776,5.45225
1.77175e+09,4.07835,5.61964,4.07009,2.04568
1.77175e+09,4.07835,5.61964,4.22744,5.94004
1.77175e+09,4.07835,5.61964,4.08138,6.05639
1.77175e+09,4.07835,5.61964,4.24878,5.67891
1.77175e+09,4.07835,5.61964,4.11849,5.7929
1.77175e+09,4.07835,5.61964,4.62689,4.60182
1.77175e+09,4.07835,5.61964,4.46673,5.06128
1.77175e+09,4.07835,5.61964,4.21915,5.49972
1.77175e+09,4.07835,5.61964,4.40252,5.29184
1.77175e+09,4.07835,5.61964,4.70294,6.04447
1.77175e+09,4.07835,5.61964,3.75716,5.26923
1.77175e+09,4.07835,5.61964,5.07358,5.89984
1.77175e+09,4.07835,5.61964,3.65612,5.50919
1.77175e+09,4.07835,5.61964,4.54876,5.34462
1.77175e+09,4.07835,5.61964,4.36709,6.22141
1.77175e+09,4.07835,5.61964,3.31493,6.3684
1.77175e+09,4.07835,5.61964,4.4435,4.6811
1.77175e+09,4.07835,5.61964,4.50296,6.79257
1.77175e+09,4.07835,5.61964,4.23929,5.10888
1.77175e+09,4.07835,5.61964,2.98914,6.23396
1.77175e+09,4.07835,5.61964,3.53636,5.33124
1.77175e+09,4.07835,5.61964,4.04828,5.51875
1.77175e+09,4.07835,5.61964,3.34404,5.4121
1.77175e+09,4.07835,5.61964,3.50774,5.35238
1.77175e+09,4.07835,5.61964,4.41677,5.97949
1.77175e+09,4.07835,5.61964,3.79017,5.07148
1.77175e+09,4.07835,5.61964,4.77299,6.38828
1.77175e+09,4.07835,5.61964,2.99993,5.38023
1.77175e+09,4.07835,5.61964,3.72552,5.52497
1.77175e+09,4.07835,5.61964,4.60557,5.82567
1.77175e+09,4.07835,5.61964,3.76347,5.82387
1.77175e+09,4.07835,5.61964,3.9051,6.28483
1.77175e+09,4.07835,5.61964,4.07381,6.02074
1.77175e+09,4.07835,5.61964,4.11043,5.79784
1.77175e+09,4.07835,5.61964,3.96431,5.28614
1.77175e+09,4.07835,5.61964,4.53656,6.87388
1.77175e+09,4.07835,5.61964,4.34038,6.88945
1.77175e+09,4.07835,5.61964,4.65169,6.72286
1.77175e+09,4.07835,5.61964,4.60624,5.62496
1.77175e+09,4.07835,5.61964,4.34933,5.26801
1.77175e+09,4.07835,5.61964,3.81719,5.92284
1.77175e+09,4.07835,5.61964,4.06816,5.47598
1.77175e+09,4.07835,5.61964,4.08724,5.67712
1.77175e+09,4.07835,5.61964,4.10868,5.41815
1.77175e+09,4.07835,5.61964,4.40942,5.51344
1.77175e+09,4.07835,5.61964,4.46987,6.28674
1.77175e+09,4.07835,5.61964,13.3233,5.94599
1.77175e+09,4.07835,5.61964,4.04549,6.29368
1.77175e+09,4.07835,5.61964,4.38301,5.67863
1.77175e+09,4.07835,5.61964,3.87057,6.08106
1.77175e+09,4.07835,5.61964,4.56044,5.3244
1.77175e+09,4.07835,5.61964,3.39832,5.37606
1.77175e+09,4.07835,5.61964,4.41281,4.91663
1.77175e+09,4.07835,5.61964,3.39623,5.95613
1.77175e+09,4.07835,5.61964,4.80935,5.28416
1.77175e+09,4.07835,5.61964,3.57052,5.14336
1.77175e+09,4.07835,5.61964,3.90808,6.40893
1.77175e+09,4.07835,5.61964,4.68917,5.24326
1.77175e+09,4.07835,5.61964,4.17551,6.25135
1.77175e+09,4.07835,5.61964,4.7163,5.94996
1.77175e+09,4.07835,5.61964,4.26875,6.22466
1.77175e+09,4.07835,5.61964,3.91865,6.11732
1.77175e+09,4.07835,5.61964,4.06996,5.34798
1.77175e+09,4.07835,5.61964,3.4108,5.98059
1.77175e+09,4.07835,5.61964,4.0302,5.61106
1.77175e+09,4.07835,5.61964,3.62152,5.5009
1.77175e+09,4.07835,5.61964,3.34598,5.79843
1.77175e+09,4.07835,5.61964,4.50623,5.61569
1.77175e+09,4.07835,5.61964,4.03724,6.08451
1.77175e+09,4.07835,5.61964,3.81614,6.12151
1.77175e+09,4.07835,5.61964,3.06506,5.83726
1.77175e+09,4.07835,5.61964,3.87727,5.99507
1.77175e+09,4.07835,5.61964,4.0941,5.69717
1.77175e+09,4.07835,5.61964,3.70121,5.36737
1.77175e+09,4.07835,5.61964,4.80814,5.82518
1.77175e+09,4.07835,5.61964,3.75852,5.89276
1.77175e+09,4.07835,5.61964,2.54792,5.92064
1.77175e+09,4.07835,5.61964,4.18544,5.10535
1.77175e+09,4.07835,5.61964,3.90641,6.17041
1.77175e+09,4.07835,5.61964,3.33357,4.54992
1.77175e+09,4.07835,5.61964,4.19271,5.87468
1.77175e+09,4.07835,5.61964,3.28456,5.07759
1.77175e+09,4.07835,5.61964,4.07959,5.02693
1.77175e+09,4.07835,5.61964,4.41991,5.87751
1.77175e+09,4.07835,5.61964,4.17646,5.0974
1.77175e+09,4.07835,5.61964,4.00763,5.83745
1.77175e+09,4.07835,5.61964,4.35995,5.76414
1.77175e+09,4.07835,5.61964,-5.26581,8.74028
1.77175e+09,4.07835,5.61964,4.42376,5.51437
1.77175e+09,4.07835,5.61964,3.33738,5.02907
1.77175e+09,4.07835,5.61964,3.91561,5.02977
1.77175e+09,4.07835,5.61964,4.77253,5.48023
1.77175e+09,4.07835,5.61964,3.85893,6.23085
1.77175e+09,4.07835,5.61964,3.78685,5.03355
1.77175e+09,4.07835,5.61964,-30.5229,-0.270356
1.77175e+09,4.07835,5.61964,3.26714,4.78669
1.77175e+09,4.07835,5.61964,4.0886,5.92064
1.77175e+09,4.07835,5.61964,4.00808,5.47605
1.77175e+09,4.07835,5.61964,5.09497,5.11392
1.77175e+09,4.07835,5.61964,4.27881,6.34912
1.77175e+09,4.07835,5.61964,4.00351,5.90966
1.77175e+09,4.07835,5.61964,3.24565,5.80726
1.77175e+09,4.07835,5.61964,4.12853,5.58081
1.77175e+09,4.07835,5.61964,3.75694,6.23788
1.77175e+09,4.07835,5.61964,3.78122,4.84879
1.77175e+09,4.07835,5.61964,4.80593,5.48314
1.77175e+09,4.07835,5.61964,3.41358,5.31323
1.77175e+09,4.07835,5.61964,3.8573,5.94679
1.77175e+09,4.07835,5.61964,4.45108,5.68031
1.77175e+09,4.07835,5.61964,4.59521,5.26607
1.77175e+09,4.07835,5.61964,3.72427,6.26431
1.77175e+09,4.07835,5.61964,4.54087,5.70159
1.77175e+09,4.07835,5.61964,4.7606,6.04113
1.77175e+09,4.07835,5.61964,3.51555,6.51494
1.77175e+09,4.07835,5.61964,4.8958,5.43617
1.77175e+09,4.07835,5.61964,3.5421,5.12958
1.77175e+09,4.07835,5.61964,4.62133,4.43641
1.77175e+09,4.07835,5.61964,3.59891,5.4709
1.77175e+09,4.07835,5.61964,4.87371,4.53092
1.77175e+09,4.07835,5.61964,4.31309,5.16851
1.77175e+09,4.07835,5.61964,4.01975,4.53306
1.77175e+09,4.07835,5.61964,2.73462,5.83218
1.77175e+09,4.07835,5.61964,4.28182,5.84091
1.77175e+09,4.07835,5.61964,3.68949,6.49905
1.77175e+09,4.07835,5.61964,4.80719,5.42398
1.77175e+09,4.07835,5.61964,4.40308,4.87256
1.77175e+09,4.07835,5.61964,4.38033,5.50025
1.77175e+09,4.07835,5.61964,4.1296,5.36218
1.77175e+09,4.07835,5.61964,4.74017,5.94945
1.77175e+09,4.07835,5.61964,4.363,5.80448
1.77175e+09,4.07835,5.61964,4.99661,6.20251
1.77175e+09,4.07835,5.61964,4.13405,6.08317
1.77175e+09,4.07835,5.61964,4.4797,6.98318
1.77175e+09,4.07835,5.61964,4.33712,5.95447
1.77175e+09,4.07835,5.61964,3.85645,4.6998
1.77175e+09,4.07835,5.61964,3.72475,5.51832
1.77175e+09,4.07835,5.61964,4.06907,5.2868
1.77175e+09,4.07835,5.61964,4.5651,6.67686
1.77175e+09,4.07835,5.61964,4.08226,5.49728
1.77175e+09,4.07835,5.61964,3.68988,6.08786
1.77175e+09,4.07835,5.61964,4.29863,5.39661
1.77175e+09,4.07835,5.61964,25.957,-9.60943
1.77175e+09,4.07835,5.61964,4.04917,5.84215
1.77175e+09,4.07835,5.61964,5.30298,5.69955
1.77175e+09,4.07835,5.61964,3.45382,5.19881
1.77175e+09,4.07835,5.61964,4.23946,5.72508
1.77175e+09,4.07835,5.61964,4.17257,6.19777
1.77175e+09,4.07835,5.61964,4.31652,5.87302
1.77175e+09,4.07835,5.61964,3.79821,5.85088
1.77175e+09,4.07835,5.61964,4.35821,6.20394
1.77175e+09,4.07835,5.61964,4.67005,5.41941
1.77175e+09,4.07835,5.61964,4.40002,5.29465
1.77175e+09,4.07835,5.61964,3.78366,5.94081
1.77175e+09,4.07835,5.61964,4.18945,5.67544
1.77175e+09,4.07835,5.61964,3.67387,5.33681
1.77175e+09,4.07835,5.61964,3.88162,5.58397
1.77175e+09,4.07835,5.61964,3.87352,5.40888
1.77175e+09,4.07835,5.61964,3.58068,5.64072
1.77175e+09,4.07835,5.61964,4.55719,6.51625
1.77175e+09,4.07835,5.61964,4.10144,5.28783
1.77175e+09,4.07835,5.61964,3.5574,5.76944
1.77175e+09,4.07835,5.61964,3.9554,5.29718
1.77175e+09,4.07835,5.61964,3.10037,6.02479
1.77175e+09,4.07835,5.61964,3.56506,5.69435
1.77175e+09,4.07835,5.61964,4.2306,5.424
1.77175e+09,4.07835,5.61964,3.71238,6.20162
1.77175e+09,4.07835,5.61964,3.62361,6.08905
1.77175e+09,4.07835,5.61964,3.80687,5.17135
1.77175e+09,4.07835,5.61964,4.14479,5.79809
1.77175e+09,4.07835,5.61964,4.15708,4.97964
1.77175e+09,4.07835,5.61964,4.32827,4.97876
1.77175e+09,4.07835,5.61964,3.81402,-0.687367
1.77175e+09,4.07835,5.61964,3.8759,6.66309
1.77175e+09,4.07835,5.61964,3.91663,6.21677
1.77175e+09,4.07835,5.61964,3.96203,6.0929
1.77175e+09,4.07835,5.61964,4.00107,5.2197
1.77175e+09,4.07835,5.61964,4.43397,5.73046
1.77175e+09,4.07835,5.61964,3.43613,5.73877
1.77175e+09,4.07835,5.61964,3.78718,5.37464
1.77175e+09,4.07835,5.61964,2.92719,5.92997
1.77175e+09,4.07835,5.61964,5.36911,5.50912
1.77175e+09,4.07835,5.61964,4.29205,6.42929
1.77175e+09,4.07835,5.61964,4.10732,6.05041
1.77175e+09,4.07835,5.61964,3.80288,6.10245
1.77175e+09,4.07835,5.61964,3.82639,5.91912
1.77175e+09,4.07835,5.61964,4.7796,5.62552
1.77175e+09,4.07835,5.61964,4.54694,5.505
1.77175e+09,4.07835,5.61964,4.39444,6.33885
1.77175e+09,4.07835,5.61964,12.3957,30.0504
1.77175e+09,4.07835,5.61964,4.11091,6.02185
1.77175e+09,4.07835,5.61964,4.54038,5.99121
1.77175e+09,4.07835,5.61964,3.5085,6.13397
1.77175e+09,4.07835,5.61964,4.7467,4.99032
1.77175e+09,4.07835,5.61964,4.09576,5.97352
1.77175e+09,4.07835,5.61964,5.07733,6.09808
1.77175e+09,4.07835,5.61964,3.55062,5.62002
1.77175e+09,4.07835,5.61964,3.66049,5.69995
1.77175e+09,4.07835,5.61964,3.47165,5.47718
1.77175e+09,4.07835,5.61964,3.10361,5.62575
1.77175e+09,4.07835,5.61964,4.19509,5.50524
1.77175e+09,4.07835,5.61964,3.84094,5.33641
1.77175e+09,4.07835,5.61964,4.52762,5.31337
1.77175e+09,4.07835,5.61964,4.07648,5.24759
1.77175e+09,4.07835,5.61964,4.1114,6.26387
1.77175e+09,4.07835,5.61964,4.01765,5.7516
1.77175e+09,4.07835,5.61964,4.93681,5.54063
1.77175e+09,4.07835,5.61964,4.40765,4.33783
1.77175e+09,4.07835,5.61964,4.65567,5.3021
1.77175e+09,4.07835,5.61964,3.70324,5.53021
1.77175e+09,4.07835,5.61964,3.79366,6.68712
1.77175e+09,4.07835,5.61964,4.41682,6.90992
1.77175e+09,4.07835,5.61964,3.57881,5.49346
1.77175e+09,4.07835,5.61964,4.19016,6.04056
1.77175e+09,4.07835,5.61964,3.6721,6.5098
1.77175e+09,4.07835,5.61964,4.24625,6.41433
1.77175e+09,4.07835,5.61964,3.37955,5.75246
1.77175e+09,4.07835,5.61964,3.99895,6.21284
1.77175e+09,4.07835,5.61964,5.26156,5.03841
1.77175e+09,4.07835,5.61964,4.1504,5.72444
1.77175e+09,4.07835,5.61964,4.91957,5.07986
1.77175e+09,4.07835,5.61964,5.0312,5.41768
1.77175e+09,4.07835,5.61964,4.27699,5.58032
1.77175e+09,4.07835,5.61964,4.54238,5.19591
1.77175e+09,4.07835,5.61964,4.28422,5.97939
1.77175e+09,4.07835,5.61964,3.49439,6.10862
1.77175e+09,4.07835,5.61964,4.96644,5.42798
1.77175e+09,4.07835,5.61964,4.25427,5.28945
1.77175e+09,4.07835,5.61964,3.51973,6.04237
1.77175e+09,4.07835,5.61964,3.9875,5.91003
1.77175e+09,4.07835,5.61964,5.18078,6.2032
1.77175e+09,4.07835,5.61964,4.41961,6.47378
1.77175e+09,4.07835,5.61964,3.0976,5.49237
1.77175e+09,4.07835,5.61964,3.62926,5.2899
1.77175e+09,4.07835,5.61964,3.64928,6.03696
1.77175e+09,4.07835,5.61964,3.46805,4.81629
1.77175e+09,4.07835,5.61964,4.38232,5.86543
1.77175e+09,4.07835,5.61964,3.27368,5.80254
1.77175e+09,4.07835,5.61964,4.71402,6.19377
1.77175e+09,4.07835,5.61964,4.08146,5.37431
1.77175e+09,4.07835,5.61964,4.17173,5.72687
1.77175e+09,4.07835,5.61964,4.15103,5.2951
1.77175e+09,4.07835,5.61964,4.26336,5.51057
1.77175e+09,4.07835,5.61964,3.16872,4.99349
1.77175e+09,4.07835,5.61964,4.45667,5.17248
1.77175e+09,4.07835,5.61964,3.30294,5.55335
1.77175e+09,4.10441,5.60107,3.73796,4.49687
1.77175e+09,4.13047,5.5825,4.79585,6.31364
1.77175e+09,4.15653,5.56393,4.96149,6.17291
1.77175e+09,4.18259,5.54536,3.73734,4.89154
1.77175e+09,4.20864,5.52678,4.07958,4.70372
1.77175e+09,4.2347,5.50821,3.59796,5.19116
1.77175e+09,4.26076,5.48964,22.0356,33.3952
1.77175e+09,4.28682,5.47107,4.48381,5.00275
1.77175e+09,4.31288,5.4525,4.2103,5.10658
1.77175e+09,4.33894,5.43393,4.58649,5.18763
1.77175e+09,4.365,5.41535,4.19445,5.42703
1.77175e+09,4.39106,5.39678,4.95723,5.80331
1.77175e+09,4.41712,5.37821,4.30318,5.18531
1.77175e+09,4.44318,5.35964,4.27176,5.27996
1.77175e+09,4.46924,5.34107,4.6715,5.25513
1.77175e+09,4.4953,5.32249,4.535,4.94082
1.77175e+09,4.52136,5.30392,5.20211,5.45087
1.77175e+09,4.54742,5.28535,4.61276,5.21445
1.77175e+09,4.57347,5.26678,4.79131,5.06067
1.77175e+09,4.59953,5.24821,4.4412,5.42793
1.77175e+09,4.62559,5.22963,4.42213,4.61693
1.77175e+09,4.65165,5.21106,4.83036,4.55454
1.77175e+09,4.67771,5.19249,4.69562,5.47245
1.77175e+09,4.70377,5.17392,5.38183,4.71347
1.77175e+09,4.72983,5.15535,4.43056,5.85458
1.77175e+09,4.75589,5.13677,4.80283,4.8645
1.77175e+09,4.78195,5.1182,3.82404,5.7661
1.77175e+09,4.80801,5.09963,5.53788,5.8173
1.77175e+09,4.83407,5.08106,5.06036,5.35582
1.77175e+09,4.86013,5.06249,5.23673,5.63097
1.77175e+09,4.88619,5.04391,5.07751,5.10071
1.77175e+09,4.91224,5.02534,4.43836,4.71914
1.77175e+09,4.9383,5.00677,4.97067,4.95082
1.77175e+09,4.96436,4.9882,4.16513,5.14066
1.77175e+09,4.99042,4.96963,5.25291,5.08848
1.77175e+09,5.01648,4.95106,5.59093,3.9251
1.77175e+09,5.04254,4.93248,4.64308,4.99524
1.77175e+09,5.0686,4.91391,5.19097,4.65082
1.77175e+09,5.09466,4.89534,-1.07261,1.19919
1.77175e+09,5.12072,4.87677,4.71223,5.3186
1.77175e+09,5.14678,4.8582,6.09245,4.91275
1.77175e+09,5.17284,4.83962,5.47347,4.23958
1.77175e+09,5.1989,4.82105,5.09235,4.80534
1.77175e+09,5.22496,4.80248,5.45945,4.21548
1.77175e+09,5.25102,4.78391,6.10972,4.91297
1.77175e+09,5.27707,4.76534,5.77056,5.23946
1.77175e+09,5.30313,4.74676,4.8463,4.03634
1.77175e+09,5.32919,4.72819,4.58029,5.25979
1.77175e+09,5.35525,4.70962,5.12502,4.7145
1.77175e+09,5.38131,4.69105,5.84326,5.0377
1.77175e+09,5.40737,4.67248,5.74126,4.98159
1.77175e+09,5.43343,4.6539,6.16251,5.5619
1.77175e+09,5.45949,4.63533,5.74138,4.45985
1.77175e+09,5.48555,4.61676,5.12458,5.50754
1.77175e+09,5.51161,4.59819,5.42456,4.03532
1.77175e+09,5.53767,4.57962,5.80074,4.24198
1.77175e+09,5.56373,4.56105,5.85025,4.18468
1.77175e+09,5.58979,4.54247,5.4854,5.42002
1.77175e+09,5.61584,4.5239,5.36776,4.89675
1.77175e+09,5.6419,4.50533,4.66706,4.94893
1.77175e+09,5.66796,4.48676,5.3695,5.56655
1.77175e+09,5.69402,4.46819,5.53649,3.97046
1.77175e+09,5.72008,4.44961,5.34742,4.1549
1.77175e+09,5.72008,4.44961,6.53714,3.87116
1.77175e+09,5.72008,4.44961,5.92845,4.98947
1.77175e+09,5.72008,4.44961,5.62785,4.59912
1.77175e+09,5.72008,4.44961,6.48147,4.26113
1.77175e+09,5.72008,4.44961,5.20047,5.3016
1.77175e+09,5.72008,4.44961,6.31964,4.91595
1.77175e+09,5.72008,4.44961,5.16656,4.15956
1.77175e+09,5.72008,4.44961,5.16469,4.88986
1.77175e+09,5.72008,4.44961,6.269,4.25943
1.77175e+09,5.72008,4.44961,5.32107,4.0317
1.77175e+09,5.72008,4.44961,6.08739,4.16558
1.77175e+09,5.72008,4.44961,5.86864,5.07051
1.77175e+09,5.72008,4.44961,6.40973,3.79326
1.77175e+09,5.72008,4.44961,6.17692,4.38214
1.77175e+09,5.72008,4.44961,4.86035,4.62571
1.77175e+09,5.72008,4.44961,6.33659,5.46359
1.77175e+09,5.72008,4.44961,6.07876,4.1641
1.77175e+09,5.72008,4.44961,6.12446,4.25962
1.77175e+09,5.72008,4.44961,5.8989,4.64161
1.77175e+09,5.72008,4.44961,4.97231,4.36757
1.77175e+09,5.72008,4.44961,6.30323,4.04787
1.77175e+09,5.72008,4.44961,5.13715,4.21663
1.77175e+09,5.72008,4.44961,6.60685,4.30975
1.77175e+09,5.72008,4.44961,5.69485,5.43608
1.77175e+09,5.72008,4.44961,5.28898,4.70834
1.77175e+09,5.72008,4.44961,5.32416,4.49768
1.77175e+09,5.72008,4.44961,6.73148,3.71333
1.77175e+09,5.72008,4.44961,6.21939,5.14929
1.77175e+09,5.72008,4.44961,5.58652,4.90767
1.77175e+09,5.72008,4.44961,5.32692,4.4228
1.77175e+09,5.72008,4.44961,6.14418,4.35393
1.77175e+09,5.72008,4.44961,6.13358,3.61828
1.77175e+09,5.72008,4.44961,5.60936,5.32712
1.77175e+09,5.72008,4.44961,5.51371,3.2532
1.77175e+09,5.72008,4.44961,3.96815,4.70528
1.77175e+09,5.72008,4.44961,5.67793,4.56696
1.77175e+09,5.72008,4.44961,5.38664,4.68227
1.77175e+09,5.72008,4.44961,5.99247,4.24947
1.77175e+09,5.72008,4.44961,5.4858,5.0826
1.77175e+09,5.72008,4.44961,5.42277,4.08888
1.77175e+09,5.72008,4.44961,5.49134,4.12069
1.77175e+09,5.72008,4.44961,5.60089,4.14298
1.77175e+09,5.72008,4.44961,5.60365,5.4785
1.77175e+09,5.72008,4.44961,5.70041,4.51844
1.77175e+09,5.72008,4.44961,5.80743,5.02951
1.77175e+09,5.72008,4.44961,5.8561,3.74279
1.77175e+09,5.72008,4.44961,5.87913,4.43803
1.77175e+09,5.72008,4.44961,6.34588,4.73593
1.77175e+09,5.72008,4.44961,6.19491,3.69414
1.77175e+09,5.72008,4.44961,5.65144,3.78386
1.77175e+09,5.72008,4.44961,-22.0846,3.5444
1.77175e+09,5.72008,4.44961,5.37632,3.95142
1.77175e+09,5.72008,4.44961,5.79838,4.64341
1.77175e+09,5.72008,4.44961,5.65882,3.7159
1.77175e+09,5.72008,4.44961,5.42534,3.77088
1.77175e+09,5.72008,4.44961,4.62274,4.69589
1.77175e+09,5.72008,4.44961,5.78545,4.30881
1.77175e+09,5.72008,4.44961,4.87602,3.78476
1.77175e+09,5.72008,4.44961,5.95502,5.1216
1.77175e+09,5.72008,4.44961,4.58729,4.7683
1.77175e+09,5.72008,4.44961,6.64965,4.72728
1.77175e+09,5.72008,4.44961,5.68702,5.13404
1.77175e+09,5.72008,4.44961,4.53265,4.39373
1.77175e+09,5.72008,4.44961,5.69685,5.24096
1.77175e+09,5.72008,4.44961,5.06278,5.14889
1.77175e+09,5.72008,4.44961,6.7512,4.33916
1.77175e+09,5.72008,4.44961,5.58188,4.56955
1.77175e+09,5.72008,4.44961,5.46829,4.03255
1.77175e+09,5.72008,4.44961,5.60223,4.08412
1.77175e+09,5.72008,4.44961,5.27627,4.61573
1.77175e+09,5.72008,4.44961,5.97265,4.10154
1.77175e+09,5.72008,4.44961,4.64668,4.92398
1.77175e+09,5.72008,4.44961,6.0275,3.77223
1.77175e+09,5.72008,4.44961,5.51631,4.27266
1.77175e+09,5.72008,4.44961,5.35676,3.8285
1.77175e+09,5.72008,4.44961,5.42434,4.49953
1.77175e+09,5.72008,4.44961,5.36745,4.66695
1.77175e+09,5.72008,4.44961,6.62886,3.8113
1.77175e+09,5.72008,4.44961,5.69022,4.11806
1.77175e+09,5.72008,4.44961,6.04362,5.05352
1.77175e+09,5.72008,4.44961,5.84155,3.82765
1.77175e+09,5.72008,4.44961,5.47062,4.07588
1.77175e+09,5.72008,4.44961,5.14702,4.82432
1.77175e+09,5.72008,4.44961,6.29773,3.75585
1.77175e+09,5.72008,4.44961,5.36763,3.75166
1.77175e+09,5.72008,4.44961,5.66712,4.98642
1.77175e+09,5.72008,4.44961,5.0747,4.31778
1.77175e+09,5.72008,4.44961,5.15167,4.27644
1.77175e+09,5.72008,4.44961,5.44939,3.47316
1.77175e+09,5.72008,4.44961,5.05558,4.76437
1.77175e+09,5.72008,4.44961,5.41289,4.76953
1.77175e+09,5.72008,4.44961,5.13887,3.68465
1.77175e+09,5.72008,4.44961,5.2064,4.37598
1.77175e+09,5.72008,4.44961,5.39513,3.73348
1.77175e+09,5.72008,4.44961,6.71035,5.36095
1.77175e+09,5.72008,4.44961,6.03339,4.57063
1.77175e+09,5.72008,4.44961,6.11951,3.72464
1.77175e+09,5.72008,4.44961,5.12657,4.42316
1.77175e+09,5.72008,4.44961,5.73982,4.52414
1.77175e+09,5.72008,4.44961,6.12305,4.36297
1.77175e+09,5.72008,4.44961,6.75761,4.227
1.77175e+09,5.72008,4.44961,5.88754,5.01241
1.77175e+09,5.72008,4.44961,5.45951,4.07542
1.77175e+09,5.72008,4.44961,6.44114,4.86131
1.77175e+09,5.72008,4.44961,6.31905,5.63047
1.77175e+09,5.72008,4.44961,6.85269,4.80829
1.77175e+09,5.72008,4.44961,6.54956,4.70525
1.77175e+09,5.72008,4.44961,5.67143,4.37834
1.77175e+09,5.72008,4.44961,5.94163,4.81592
1.77175e+09,5.72008,4.44961,5.62848,4.84122
1.77175e+09,5.72008,4.44961,5.75848,3.52554
1.77175e+09,5.72008,4.44961,6.16211,4.98105
1.77175e+09,5.72008,4.44961,6.28313,4.40583
1.77175e+09,5.72008,4.44961,5.34046,5.38169
1.77175e+09,5.72008,4.44961,5.9326,4.72349
1.77175e+09,5.72008,4.44961,5.70171,3.95538
1.77175e+09,5.72008,4.44961,5.65012,4.02404
1.77175e+09,5.72008,4.44961,5.65159,4.21109
1.77175e+09,5.72008,4.44961,6.01608,4.49409
1.77175e+09,5.72008,4.44961,5.36993,4.91844
1.77175e+09,5.72008,4.44961,3.95148,1.71694
1.77175e+09,5.72008,4.44961,5.61173,4.04582
1.77175e+09,5.72008,4.44961,5.05015,4.25826
1.77175e+09,5.72008,4.44961,5.57619,4.94861
1.77175e+09,5.72008,4.44961,5.63611,3.75808
1.77175e+09,5.72008,4.44961,6.34472,4.89873
1.77175e+09,5.72008,4.44961,5.29468,5.01394
1.77175e+09,5.72008,4.44961,5.22506,4.8126
1.77175e+09,5.72008,4.44961,5.03759,5.67313
1.77175e+09,5.72008,4.44961,5.98491,3.80312
1.77175e+09,5.72008,4.44961,5.69532,5.70661
1.77175e+09,5.72008,4.44961,4.94235,4.96711
1.77175e+09,5.72008,4.44961,9.83777,23.648
1.77175e+09,5.72008,4.44961,6.26853,4.52338
1.77175e+09,5.72008,4.44961,4.63714,4.19044
1.77175e+09,5.72008,4.44961,6.28014,3.94433
1.77175e+09,5.72008,4.44961,6.23791,3.7366
1.77175e+09,5.72008,4.44961,5.33463,5.00174
1.77175e+09,5.72008,4.44961,5.05095,4.47982
1.77175e+09,5.72008,4.44961,6.24912,4.11795
1.77175e+09,5.72008,4.44961,5.02072,4.94055
1.77175e+09,5.72008,4.44961,5.23106,4.61434
1.77175e+09,5.72008,4.44961,5.82372,4.24731
1.77175e+09,5.72008,4.44961,6.29973,5.17786
1.77175e+09,5.72008,4.44961,5.52269,4.16526
1.77175e+09,5.72008,4.44961,6.41388,4.44085
1.77175e+09,5.72008,4.44961,5.94505,4.72955
1.77175e+09,5.72008,4.44961,5.42099,4.64606
1.77175e+09,5.72008,4.44961,-16.1223,18.2217
1.77175e+09,5.6921,4.43409,5.59549,4.10418
1.77175e+09,5.66411,4.41857,6.55891,4.15871
1.77175e+09,5.63613,4.40305,6.09223,3.65969
1.77175e+09,5.60815,4.38753,5.89904,4.39555
1.77175e+09,5.58016,4.37201,5.55417,4.72504
1.77175e+09,5.55218,4.35649,5.16272,3.94043
1.77175e+09,5.5242,4.34097,6.18457,5.34115
1.77175e+09,5.49621,4.32544,-0.842621,-10.2721
1.77175e+09,5.46823,4.30992,6.09474,4.10878
1.77175e+09,5.44024,4.2944,5.80049,4.60996
1.77175e+09,5.41226,4.27888,4.79624,4.52752
1.77175e+09,5.38428,4.26336,5.02188,2.92442
1.77175e+09,5.35629,4.24784,5.62157,4.61032
1.77175e+09,5.32831,4.23232,5.33745,3.41889
1.77175e+09,5.30032,4.2168,5.13598,4.16245
1.77175e+09,5.27234,4.20127,5.16405,4.26784
1.77175e+09,5.24436,4.18575,5.39737,3.82756
1.77175e+09,5.21637,4.17023,5.66013,3.63618
1.77175e+09,5.18839,4.15471,5.53277,4.63292
1.77175e+09,5.16041,4.13919,5.40198,4.50333
1.77175e+09,5.13242,4.12367,6.22137,3.54754
1.77175e+09,5.10444,4.10815,5.40752,4.5824
1.77175e+09,5.07645,4.09263,5.73166,3.59235
1.77175e+09,5.04847,4.0771,5.72965,3.79783
1.77175e+09,5.02049,4.06158,4.9241,3.58494
1.77175e+09,4.9925,4.04606,4.08459,4.37019
1.77175e+09,4.96452,4.03054,3.62501,3.67367
1.77175e+09,4.93654,4.01502,4.8879,3.73299
1.77175e+09,4.90855,3.9995,4.47532,3.12668
1.77175e+09,4.88057,3.98398,4.69229,4.17276
1.77175e+09,4.85258,3.96846,4.3593,5.53102
1.77175e+09,4.8246,3.95293,4.59963,3.57043
1.77175e+09,4.79662,3.93741,5.42083,3.14561
1.77175e+09,4.76863,3.92189,4.37696,4.00481
1.77175e+09,4.74065,3.90637,4.29118,3.58753
1.77175e+09,4.71267,3.89085,4.23255,3.35222
1.77175e+09,4.68468,3.87533,4.64041,3.64043
1.77175e+09,4.6567,3.85981,4.54793,3.67198
1.77175e+09,4.62871,3.84429,4.62644,4.43321
1.77175e+09,4.60073,3.82876,4.74199,3.90867
1.77175e+09,4.57275,3.81324,4.69423,3.90922
1.77175e+09,4.54476,3.79772,3.29264,4.00661
1.77175e+09,4.51678,3.7822,4.3043,3.13985
1.77175e+09,4.4888,3.76668,4.97989,3.83914
1.77175e+09,4.46081,3.75116,4.06221,3.75246
1.77175e+09,4.43283,3.73564,4.84246,3.86425
1.77175e+09,4.40484,3.72012,4.67434,4.25689
1.77175e+09,4.37686,3.70459,4.87506,3.39604
1.77175e+09,4.34888,3.68907,22.1831,17.0456
1.77175e+09,4.32089,3.67355,3.61676,3.51585
1.77175e+09,4.29291,3.65803,4.05099,3.8276
1.77175e+09,4.26493,3.64251,3.86149,4.38376
1.77175e+09,4.23694,3.62699,3.83218,4.74375
1.77175e+09,4.20896,3.61147,4.1395,3.43313
1.77175e+09,4.18097,3.59595,4.41195,4.23083
1.77175e+09,4.15299,3.58043,4.17623,3.12035
1.77175e+09,4.12501,3.5649,4.43666,3.07327
1.77175e+09,4.09702,3.54938,3.57574,3.68683
1.77175e+09,4.06904,3.53386,3.51129,3.24273
1.77175e+09,4.04106,3.51834,4.00889,3.1915
1.77175e+09,4.01307,3.50282,3.94789,4.54076
1.77175e+09,3.98509,3.4873,3.92023,3.05234
1.77175e+09,3.9571,3.47178,4.1612,3.94837
1.77175e+09,3.9571,3.47178,4.02308,2.54692
1.77175e+09,3.9571,3.47178,4.39449,3.67996
1.77175e+09,3.9571,3.47178,3.37499,3.51143
1.77175e+09,3.9571,3.47178,4.99063,2.595
1.77175e+09,3.9571,3.47178,4.36296,3.53762
1.77175e+09,3.9571,3.47178,3.58824,3.30314
1.77175e+09,3.9571,3.47178,3.73022,3.46947
1.77175e+09,3.9571,3.47178,3.8808,3.99626
1.77175e+09,3.9571,3.47178,3.65757,4.32283
1.77175e+09,3.9571,3.47178,3.52988,3.72285
1.77175e+09,3.9571,3.47178,3.86072,3.16037
1.77175e+09,3.9571,3.47178,4.22144,2.60731
1.77175e+09,3.9571,3.47178,4.28817,4.01413
1.77175e+09,3.9571,3.47178,4.24515,3.50939
1.77175e+09,3.9571,3.47178,3.54372,4.61156
1.77175e+09,3.9571,3.47178,3.55543,4.69519
1.77175e+09,3.9571,3.47178,3.7293,3.20083
1.77175e+09,3.9571,3.47178,3.84069,4.20969
1.77175e+09,3.9571,3.47178,22.8578,13.1309
1.77175e+09,3.9571,3.47178,3.65047,3.61703
1.77175e+09,3.9571,3.47178,4.30369,3.30923
1.77175e+09,3.9571,3.47178,3.38164,3.72347
1.77175e+09,3.9571,3.47178,3.34895,3.78858
1.77175e+09,3.9571,3.47178,3.94356,3.22346
1.77175e+09,3.9571,3.47178,4.98584,3.13885
1.77175e+09,3.9571,3.47178,4.32142,3.53024
1.77175e+09,3.9571,3.47178,3.60202,3.15151
1.77175e+09,3.9571,3.47178,4.41652,3.0442
1.77175e+09,3.9571,3.47178,3.93843,3.74906
1.77175e+09,3.9571,3.47178,4.43715,2.33664
1.77175e+09,3.9571,3.47178,3.27727,3.30098
1.77175e+09,3.9571,3.47178,3.44747,2.21999
1.77175e+09,3.9571,3.47178,3.94508,3.40379
1.77175e+09,3.9571,3.47178,3.58344,3.99565
1.77175e+09,3.9571,3.47178,4.91287,3.06183
1.77175e+09,3.9571,3.47178,3.89843,3.65987
1.77175e+09,3.9571,3.47178,3.64995,3.78153
1.77175e+09,3.9571,3.47178,4.53738,3.34487
1.77175e+09,3.9571,3.47178,4.92756,2.83948
1.77175e+09,3.9571,3.47178,4.39454,3.36066
1.77175e+09,3.9571,3.47178,3.85663,3.59171
1.77175e+09,3.9571,3.47178,4.27134,3.07717
1.77175e+09,3.9571,3.47178,4.53518,3.69535
1.77175e+09,3.9571,3.47178,4.20143,3.37807
1.77175e+09,3.9571,3.47178,3.89533,3.74471
1.77175e+09,3.9571,3.47178,3.56382,3.3585
1.77175e+09,3.9571,3.47178,4.63506,3.67518
1.77175e+09,3.9571,3.47178,4.32856,3.74042
1.77175e+09,3.9571,3.47178,3.64898,4.335
1.77175e+09,3.9571,3.47178,4.28647,4.0672
1.77175e+09,3.9571,3.47178,3.99847,4.65114
1.77175e+09,3.9571,3.47178,13.5096,25.0586
1.77175e+09,3.9571,3.47178,3.79677,2.33833
1.77175e+09,3.9571,3.47178,3.7532,3.62896
1.77175e+09,3.9571,3.47178,4.79209,3.64023
1.77175e+09,3.9571,3.47178,4.2666,2.5335
1.77175e+09,3.9571,3.47178,3.88393,2.3124
1.77175e+09,3.9571,3.47178,4.40218,2.46966
1.77175e+09,3.9571,3.47178,3.56957,3.43992
1.77175e+09,3.9571,3.47178,4.82234,3.03423
1.77175e+09,3.9571,3.47178,4.4465,3.82608
1.77175e+09,3.9571,3.47178,4.64468,3.19412
1.77175e+09,3.9571,3.47178,3.39905,3.20417
1.77175e+09,3.9571,3.47178,4.16466,3.49995
1.77175e+09,3.9571,3.47178,3.93636,3.46649
1.77175e+09,3.9571,3.47178,4.22103,2.81932
1.77175e+09,3.9571,3.47178,2.08877,4.34366
1.77175e+09,3.9571,3.47178,3.82924,3.39591
1.77175e+09,3.9571,3.47178,4.54293,3.95968
1.77175e+09,3.9571,3.47178,4.12566,3.23668
1.77175e+09,3.9571,3.47178,4.24603,3.33077
1.77175e+09,3.9571,3.47178,3.39738,3.84251
1.77175e+09,3.9571,3.47178,2.95868,3.46423
1.77175e+09,3.9571,3.47178,3.34972,4.66177
1.77175e+09,3.9571,3.47178,3.40924,4.23674
1.77175e+09,3.9571,3.47178,4.03781,3.73543
1.77175e+09,3.9571,3.47178,3.95299,3.0073
1.77175e+09,3.9571,3.47178,4.0901,3.3783
1.77175e+09,3.9571,3.47178,3.75149,4.20812
1.77175e+09,3.9571,3.47178,4.24339,2.41213
1.77175e+09,3.9571,3.47178,5.25773,2.80071
1.77175e+09,3.9571,3.47178,3.88444,3.06076
1.77175e+09,3.9571,3.47178,3.64658,3.61043
1.77175e+09,3.9571,3.47178,4.49664,4.33481
1.77175e+09,3.9571,3.47178,4.09856,3.96746
1.77175e+09,3.9571,3.47178,3.58445,3.52702
1.77175e+09,3.9571,3.47178,3.76144,4.19408
1.77175e+09,3.9571,3.47178,4.3412,3.51309
1.77175e+09,3.9571,3.47178,2.85543,2.31026
1.77175e+09,3.9571,3.47178,4.05639,2.36598
1.77175e+09,3.9571,3.47178,3.96964,2.72518
1.77175e+09,3.9571,3.47178,3.58103,3.08743
1.77175e+09,3.9571,3.47178,3.18342,2.65928
1.77175e+09,3.9571,3.47178,21.7219,5.15355
1.77175e+09,3.9571,3.47178,3.29874,4.44499
1.77175e+09,3.9571,3.47178,3.48789,3.28071
1.77175e+09,3.9571,3.47178,3.42073,3.34203
1.77175e+09,3.9571,3.47178,3.47248,3.501
1.77175e+09,3.9571,3.47178,5.26983,3.61652
1.77175e+09,3.9571,3.47178,4.74261,3.49802
1.77175e+09,3.9571,3.47178,0.246293,25.6296
1.77175e+09,3.9571,3.47178,4.3359,4.33434
1.77175e+09,3.9571,3.47178,3.68778,3.68108
1.77175e+09,3.9571,3.47178,3.81298,3.66682
1.77175e+09,3.9571,3.47178,3.1512,3.14271
1.77175e+09,3.9571,3.47178,3.83368,3.35042
1.77175e+09,3.9571,3.47178,4.25138,3.49217
1.77175e+09,3.9571,3.47178,3.74187,4.12379
1.77175e+09,3.9571,3.47178,3.43734,2.33017
1.77175e+09,3.9571,3.47178,3.82636,3.73378
1.77175e+09,3.9571,3.47178,3.64339,3.61649
1.77175e+09,3.9571,3.47178,3.86859,3.05964
1.77175e+09,3.9571,3.47178,3.82206,4.27445
1.77175e+09,3.9571,3.47178,4.01531,4.01866
1.77175e+09,3.9571,3.47178,3.32276,3.01851
1.77175e+09,3.9571,3.47178,3.84056,3.70446
1.77175e+09,3.9571,3.47178,4.17261,3.05422
1.77175e+09,3.9571,3.47178,4.38096,3.987
1.77175e+09,3.9571,3.47178,3.87111,4.02638
1.77175e+09,3.9571,3.47178,3.92446,3.12455
1.77175e+09,3.9571,3.47178,4.10177,2.65615
1.77175e+09,3.9571,3.47178,3.82449,2.68771
1.77175e+09,3.9571,3.47178,3.90648,2.89067
1.77175e+09,3.9571,3.47178,4.25658,3.64998
1.77175e+09,3.9571,3.47178,4.01405,2.86881
1.77175e+09,3.9571,3.47178,3.34948,3.69711
1.77175e+09,3.9571,3.47178,3.38003,2.47481
1.77175e+09,3.9571,3.47178,4.00807,3.99448
1.77175e+09,3.9571,3.47178,3.51331,3.26218
1.77175e+09,3.9571,3.47178,4.61901,2.55278
1.77175e+09,3.9571,3.47178,4.92066,3.55277
1.77175e+09,3.9571,3.47178,4.14123,3.17773
1.77175e+09,3.9571,3.47178,4.78278,4.03212
1.77175e+09,3.9571,3.47178,3.92541,3.02922
1.77175e+09,3.9571,3.47178,4.49607,3.83505
1.77175e+09,3.9571,3.47178,3.84366,3.31974
1.77175e+09,3.9571,3.47178,4.27612,3.12291
1.77175e+09,3.9571,3.47178,3.72151,3.01285
1.77175e+09,3.9571,3.47178,4.53466,2.66876
1.77175e+09,3.9571,3.47178,9.7475,-15.2277
1.77175e+09,3.9571,3.47178,3.28404,3.07994
1.77175e+09,3.9571,3.47178,4.777,3.7542
1.77175e+09,3.9571,3.47178,4.46028,2.83065
1.77175e+09,3.9571,3.47178,4.51424,3.84161
1.77175e+09,3.9571,3.47178,3.81464,3.19181
1.77175e+09,3.9571,3.47178,4.60346,4.09211
1.77175e+09,3.9571,3.47178,3.68358,3.3069
1.77175e+09,3.9571,3.47178,4.5925,4.33656
1.77175e+09,3.9571,3.47178,4.84276,3.3048
1.77175e+09,3.9571,3.47178,3.51182,4.05829
1.77175e+09,3.9571,3.47178,3.67791,4.11128
1.77175e+09,3.9571,3.47178,3.08468,3.71579
